{"training_time": 0.0005741119384765625, "accuracy": 0.97368421052631582}